{
  "\n": 17,
  "\r": 16,
  " ": 0,
  "!": 63,
  "#": 116,
  "$": 115,
  "%": 128,
  "'": 107,
  "(": 69,
  ")": 70,
  "*": 60,
  ",": 19,
  "-": 30,
  ".": 26,
  "/": 94,
  "0": 71,
  "1": 64,
  "2": 76,
  "3": 75,
  "4": 85,
  "5": 80,
  "6": 89,
  "7": 90,
  "8": 81,
  "9": 82,
  ":": 34,
  ";": 31,
  "=": 124,
  "?": 54,
  "A": 27,
  "B": 38,
  "C": 58,
  "D": 45,
  "E": 48,
  "F": 49,
  "G": 52,
  "H": 32,
  "I": 29,
  "J": 83,
  "K": 51,
  "L": 50,
  "M": 44,
  "N": 42,
  "O": 39,
  "P": 33,
  "Q": 108,
  "R": 57,
  "S": 35,
  "T": 28,
  "U": 65,
  "V": 61,
  "W": 55,
  "X": 62,
  "Y": 59,
  "Z": 43,
  "[": 67,
  "]": 68,
  "_": 78,
  "a": 4,
  "b": 22,
  "c": 21,
  "d": 10,
  "e": 1,
  "f": 12,
  "g": 18,
  "h": 3,
  "i": 9,
  "j": 36,
  "k": 25,
  "l": 11,
  "m": 13,
  "n": 6,
  "o": 5,
  "p": 23,
  "q": 53,
  "r": 8,
  "s": 7,
  "t": 2,
  "u": 14,
  "v": 24,
  "w": 15,
  "x": 47,
  "y": 20,
  "z": 46,
  "\u00eb": 79,
  "\u00ef": 84,
  "\u00f6": 96,
  "\u03a4": 109,
  "\u03b1": 95,
  "\u03b2": 112,
  "\u03b3": 114,
  "\u03b4": 111,
  "\u03b5": 92,
  "\u03b7": 118,
  "\u03b9": 87,
  "\u03ba": 122,
  "\u03bb": 93,
  "\u03bc": 97,
  "\u03bd": 77,
  "\u03bf": 72,
  "\u03c0": 98,
  "\u03c1": 74,
  "\u03c2": 113,
  "\u03c3": 101,
  "\u03c4": 86,
  "\u03c5": 106,
  "\u03c6": 99,
  "\u03c9": 100,
  "\u1f00": 105,
  "\u1f10": 102,
  "\u1f11": 119,
  "\u1f14": 127,
  "\u1f24": 126,
  "\u1f50": 121,
  "\u1f51": 120,
  "\u1f73": 88,
  "\u1f75": 91,
  "\u1f77": 110,
  "\u1f79": 123,
  "\u1fa6": 125,
  "\u1fd6": 104,
  "\u1ff3": 117,
  "\u2014": 56,
  "\u2018": 73,
  "\u2019": 37,
  "\u201c": 40,
  "\u201d": 41,
  "\u2022": 103,
  "\u2122": 66
}